VertQuadID,TranNum,DateNum,QuadNum,ObserverNum,SpeciesNum,VertQuadAbun
1,1,10,2,1,89,25
2,1,10,2,1,132,15
3,1,10,2,1,3,13
4,1,10,2,1,67,12
5,1,10,2,1,61,2
6,1,10,2,1,99,12
7,1,10,2,1,80,9
8,1,10,2,1,97,10
9,1,10,2,1,179,4
10,1,10,2,1,104,9
11,1,10,2,1,36,2
12,1,10,2,1,14,4
13,1,10,2,1,116,15
14,1,10,2,1,121,2
15,1,10,2,1,127,5
16,1,10,2,1,137,1
17,1,10,2,1,5,1
18,1,10,2,1,91,1
19,1,10,2,1,48,1
20,1,10,2,1,57,1
21,1,10,2,1,161,1
22,1,10,2,1,10,4
23,1,10,2,1,103,1
24,1,10,2,1,197,5
25,1,10,2,1,193,1
26,1,10,2,1,194,7
27,1,10,2,1,195,6
28,1,10,2,1,199,0
29,2,10,2,1,89,25
30,2,10,2,1,197,5
31,2,10,2,1,132,50
32,2,10,2,1,61,5
33,2,10,2,1,80,15
34,2,10,2,1,97,2
35,2,10,2,1,179,2
36,2,10,2,1,104,3
37,2,10,2,1,14,1
38,2,10,2,1,116,15
39,2,10,2,1,127,1
40,2,10,2,1,137,1
41,2,10,2,1,5,3
42,2,10,2,1,48,1
43,2,10,2,1,193,1
44,2,10,2,1,194,7
45,2,10,2,1,195,5
46,2,10,2,1,10,20
47,2,10,2,1,198,4
48,2,10,2,1,55,5
49,2,10,2,1,62,2
50,2,10,2,1,103,2
51,2,10,2,1,52,3
52,2,10,2,1,27,1
53,2,10,2,1,94,8
54,2,10,2,1,84,4
55,2,10,2,1,21,1
56,2,10,2,1,2,1
57,2,10,2,1,12,2
58,2,10,2,1,199,0
59,2,10,4,1,67,2
60,2,10,4,1,61,5
61,2,10,4,1,97,5
62,2,10,4,1,179,13
63,2,10,4,1,104,6
64,2,10,4,1,14,4
65,2,10,4,1,116,6
66,2,10,4,1,87,4
67,2,10,4,1,91,2
68,2,10,4,1,86,1
69,2,10,4,1,193,12
70,2,10,4,1,192,10
71,2,10,4,1,194,6
72,2,10,4,1,195,4
73,2,10,4,1,10,11
74,2,10,4,1,198,2
75,2,10,4,1,52,1
76,2,10,4,1,27,4
77,2,10,4,1,94,2
78,2,10,4,1,21,1
79,2,10,4,1,23,3
80,2,10,4,1,2,7
81,2,10,4,1,69,5
82,2,10,4,1,6,6
83,2,10,4,1,9,6
84,2,10,4,1,129,2
85,2,10,4,1,18,6
86,2,10,4,1,11,1
87,2,10,4,1,85,1
88,2,10,4,1,96,1
89,2,10,4,1,39,1
90,2,10,4,1,68,5
91,2,10,4,1,199,14
92,1,10,4,1,67,1
93,1,10,4,1,61,2
94,1,10,4,1,97,2
95,1,10,4,1,179,10
96,1,10,4,1,104,8
97,1,10,4,1,14,1
98,1,10,4,1,116,4
99,1,10,4,1,87,3
100,1,10,4,1,121,1
101,1,10,4,1,91,2
102,1,10,4,1,86,1
103,1,10,4,1,192,25
104,1,10,4,1,193,25
105,1,10,4,1,194,5
106,1,10,4,1,195,7
107,1,10,4,1,10,15
108,1,10,4,1,198,2
109,1,10,4,1,52,2
110,1,10,4,1,27,1
111,1,10,4,1,94,5
112,1,10,4,1,21,3
113,1,10,4,1,23,5
114,1,10,4,1,135,1
115,1,10,4,1,2,6
116,1,10,4,1,69,2
117,1,10,4,1,6,10
118,1,10,4,1,9,2
119,1,10,4,1,18,2
120,1,10,4,1,39,1
121,1,10,4,1,199,15
122,1,10,6,1,97,1
123,1,10,6,1,104,22
124,1,10,6,1,87,12
125,1,10,6,1,192,25
126,1,10,6,1,193,30
127,1,10,6,1,194,8
128,1,10,6,1,195,6
129,1,10,6,1,55,1
130,1,10,6,1,21,1
131,1,10,6,1,23,1
132,1,10,6,1,12,10
133,1,10,6,1,69,12
134,1,10,6,1,6,15
135,1,10,6,1,9,2
136,1,10,6,1,129,1
137,1,10,6,1,96,1
138,1,10,6,1,39,9
139,1,10,6,1,68,8
140,1,10,6,1,199,31
141,2,10,6,1,67,18
142,2,10,6,1,104,7
143,2,10,6,1,87,1
144,2,10,6,1,86,1
145,2,10,6,1,192,30
146,2,10,6,1,193,30
147,2,10,6,1,194,6
148,2,10,6,1,195,6
149,2,10,6,1,55,10
150,2,10,6,1,52,2
151,2,10,6,1,21,2
152,2,10,6,1,23,1
153,2,10,6,1,135,1
154,2,10,6,1,12,1
155,2,10,6,1,69,1
156,2,10,6,1,6,10
157,2,10,6,1,129,1
158,2,10,6,1,18,3
159,2,10,6,1,96,1
160,2,10,6,1,39,21
161,2,10,6,1,30,15
162,2,10,6,1,199,27
163,1,10,8,1,104,7
164,1,10,8,1,87,1
165,1,10,8,1,192,8
166,1,10,8,1,193,11
167,1,10,8,1,194,4
168,1,10,8,1,195,5
169,1,10,8,1,55,10
170,1,10,8,1,52,3
171,1,10,8,1,21,9
172,1,10,8,1,23,1
173,1,10,8,1,12,19
174,1,10,8,1,69,25
175,1,10,8,1,6,22
176,1,10,8,1,9,2
177,1,10,8,1,39,20
178,1,10,8,1,30,3
179,1,10,8,1,199,39
180,2,10,8,1,104,7
181,2,10,8,1,192,10
182,2,10,8,1,193,10
183,2,10,8,1,194,4
184,2,10,8,1,195,4
185,2,10,8,1,21,13
186,2,10,8,1,23,1
187,2,10,8,1,12,2
188,2,10,8,1,69,2
189,2,10,8,1,6,13
190,2,10,8,1,39,6
191,2,10,8,1,30,75
192,2,10,8,1,68,8
193,2,10,8,1,199,34
194,2,10,10,1,104,3
195,2,10,10,1,192,30
196,2,10,10,1,193,30
197,2,10,10,1,194,5
198,2,10,10,1,195,6
199,2,10,10,1,21,50
200,2,10,10,1,23,1
201,2,10,10,1,12,2
202,2,10,10,1,6,20
203,2,10,10,1,30,100
204,2,10,10,1,199,85
205,1,10,10,1,104,2
206,1,10,10,1,192,30
207,1,10,10,1,193,30
208,1,10,10,1,194,7
209,1,10,10,1,195,5
210,1,10,10,1,21,53
211,1,10,10,1,23,1
212,1,10,10,1,12,1
213,1,10,10,1,6,2
214,1,10,10,1,30,70
215,1,10,10,1,199,49
216,1,10,12,1,192,6
217,1,10,12,1,193,6
218,1,10,12,1,194,6
219,1,10,12,1,195,6
220,1,10,12,1,21,3
221,1,10,12,1,199,90
222,2,10,12,1,104,1
223,2,10,12,1,192,1
224,2,10,12,1,193,1
225,2,10,12,1,194,9
226,2,10,12,1,195,4
227,2,10,12,1,21,1
228,2,10,12,1,199,102
229,2,10,4,1,82,1
230,2,10,4,1,43,1
231,2,10,4,1,143,1
232,2,10,4,1,38,1
233,2,10,4,1,83,1
234,2,10,4,1,75,2
235,2,10,4,1,136,1
236,2,10,4,1,63,2
237,2,10,4,1,25,1
238,2,10,4,1,24,1
239,2,10,4,1,200,75
240,1,10,4,1,95,1
241,1,10,4,1,90,2
242,1,10,4,1,7,1
243,1,10,4,1,200,25
244,1,10,4,1,43,1
245,1,10,4,1,75,1
246,1,10,6,1,64,1
247,1,10,6,1,79,12
248,1,10,6,1,7,2
249,1,10,6,1,200,175
250,1,10,6,1,82,2
251,1,10,6,1,43,1
252,1,10,6,1,143,1
253,1,10,6,1,83,17
254,1,10,6,1,24,1
255,2,10,6,1,123,35
256,2,10,6,1,106,23
257,2,10,6,1,64,5
258,2,10,6,1,200,125
259,2,10,6,1,82,1
260,2,10,6,1,43,42
261,2,10,6,1,83,1
262,2,10,6,1,75,2
263,1,10,8,1,64,3
264,1,10,8,1,140,1
265,1,10,8,1,79,11
266,1,10,8,1,90,1
267,1,10,8,1,7,9
268,1,10,8,1,200,20
269,1,10,8,1,82,5
270,1,10,8,1,43,45
271,1,10,8,1,32,2
272,1,10,8,1,83,15
273,2,10,8,1,123,1
274,2,10,8,1,106,13
275,2,10,8,1,64,2
276,2,10,8,1,140,6
277,2,10,8,1,79,3
278,2,10,8,1,7,3
279,2,10,8,1,200,75
280,2,10,8,1,43,70
281,2,10,8,1,32,1
282,2,10,8,1,83,2
283,2,10,10,1,44,1
284,2,10,10,1,19,1
285,2,10,10,1,64,5
286,2,10,10,1,140,75
287,2,10,10,1,79,1
288,2,10,10,1,7,2
289,2,10,10,1,200,25
290,2,10,10,1,43,9
291,1,10,10,1,19,12
292,1,10,10,1,140,25
293,1,10,10,1,79,2
294,1,10,10,1,43,2
297,1,10,12,1,19,91
298,1,10,12,1,140,25
299,1,10,12,1,29,13
300,1,10,12,1,79,42
301,2,10,12,1,19,95
302,2,10,12,1,140,125
303,2,10,12,1,29,35
304,2,10,12,1,79,2
305,3,11,2,1,88,95
306,3,11,2,1,99,15
307,3,11,2,1,101,1
308,3,11,2,1,97,15
309,3,11,2,1,42,1
310,3,11,2,1,210,1
311,3,11,2,1,209,15
312,3,11,2,1,108,3
313,3,11,2,1,208,2
314,3,11,2,1,57,3
315,3,11,2,1,67,2
316,3,11,2,1,186,1
317,3,11,2,1,77,6
318,3,11,2,1,61,1
319,3,11,2,1,120,1
320,3,11,2,1,90,4
321,3,11,2,1,104,5
322,3,11,2,1,21,1
323,3,11,2,1,127,1
324,3,11,2,1,102,12
325,3,11,2,1,194,3
326,3,11,2,1,195,5
327,3,11,2,1,199,0
328,3,11,4,1,99,1
329,3,11,4,1,97,5
330,3,11,4,1,210,15
331,3,11,4,1,42,1
332,3,11,4,1,104,5
333,3,11,4,1,80,15
334,3,11,4,1,21,1
335,3,11,4,1,23,7
336,3,11,4,1,89,40
337,3,11,4,1,197,1
338,3,11,4,1,10,55
339,3,11,4,1,198,2
340,3,11,4,1,132,5
341,3,11,4,1,86,12
342,3,11,4,1,27,8
343,3,11,4,1,116,2
344,3,11,4,1,87,5
345,3,11,4,1,14,3
346,3,11,4,1,6,4
347,3,11,4,1,94,5
348,3,11,4,1,96,5
349,3,11,4,1,2,2
350,3,11,4,1,129,4
351,3,11,4,1,127,1
352,3,11,4,1,118,1
353,3,11,4,1,68,2
354,3,11,4,1,69,1
355,3,11,4,1,9,1
356,3,11,4,1,84,1
357,3,11,4,1,24,1
358,3,11,4,1,117,1
359,3,11,4,1,64,1
360,3,11,4,1,18,2
361,3,11,4,1,193,5
362,3,11,4,1,194,7
363,3,11,4,1,195,7
364,3,11,4,1,199,58
365,3,11,6,1,97,3
366,3,11,6,1,210,1
367,3,11,6,1,67,1
368,3,11,6,1,104,10
369,3,11,6,1,21,1
370,3,11,6,1,23,1
371,3,11,6,1,132,55
372,3,11,6,1,14,6
373,3,11,6,1,6,9
374,3,11,6,1,94,2
375,3,11,6,1,96,3
376,3,11,6,1,30,1
377,3,11,6,1,69,1
378,3,11,6,1,9,15
379,3,11,6,1,24,22
380,3,11,6,1,64,3
381,3,11,6,1,70,2
382,3,11,6,1,192,5
383,3,11,6,1,193,8
384,3,11,6,1,194,4
385,3,11,6,1,195,6
386,3,11,6,1,199,190
387,3,11,6,1,43,1
388,3,11,6,1,200,5
389,3,11,6,1,82,2
390,3,11,6,1,34,1
391,3,11,6,1,51,1
392,3,11,6,1,143,1
393,3,11,6,1,39,13
394,3,11,6,1,26,1
395,3,11,6,1,79,13
396,3,11,6,1,55,5
397,3,11,6,1,91,1
398,3,11,8,1,97,1
399,3,11,8,1,210,1
400,3,11,8,1,67,2
401,3,11,8,1,104,3
402,3,11,8,1,21,1
403,3,11,8,1,23,1
404,3,11,8,1,87,6
405,3,11,8,1,6,3
406,3,11,8,1,2,1
407,3,11,8,1,30,25
408,3,11,8,1,68,12
409,3,11,8,1,69,2
410,3,11,8,1,64,15
411,3,11,8,1,192,20
412,3,11,8,1,193,20
413,3,11,8,1,194,5
414,3,11,8,1,195,6
415,3,11,8,1,199,216
416,3,11,8,1,123,10
417,3,11,8,1,7,1
418,3,11,8,1,135,1
419,3,11,8,1,106,2
420,3,11,8,1,1,1
421,3,11,8,1,113,2
422,3,11,8,1,43,72
423,3,11,8,1,200,200
424,3,11,8,1,39,20
425,3,11,8,1,79,5
426,3,11,8,1,12,1
427,3,11,10,1,104,1
428,3,11,10,1,21,3
429,3,11,10,1,23,1
430,3,11,10,1,87,1
431,3,11,10,1,30,20
432,3,11,10,1,69,1
433,3,11,10,1,194,3
434,3,11,10,1,195,4
435,3,11,10,1,199,250
436,3,11,10,1,83,1
437,3,11,10,1,7,3
438,3,11,10,1,106,5
439,3,11,10,1,113,1
440,3,11,10,1,43,98
441,3,11,10,1,200,15
442,3,11,10,1,79,6
443,3,11,10,1,12,2
444,5,13,2,1,88,95
445,5,13,2,1,115,8
446,5,13,2,1,57,3
447,5,13,2,1,99,12
448,5,13,2,1,90,8
449,5,13,2,1,67,7
450,5,13,2,1,108,6
451,5,13,2,1,104,11
452,5,13,2,1,97,9
453,5,13,2,1,179,1
454,5,13,2,1,208,1
455,5,13,2,1,37,1
456,5,13,2,1,218,4
457,5,13,2,1,219,1
458,5,13,2,1,77,5
459,5,13,2,1,103,1
460,5,13,2,1,133,1
461,5,13,2,1,100,2
462,5,13,2,1,116,1
463,5,13,2,1,110,2
464,5,13,2,1,52,1
465,5,13,2,1,193,1
466,5,13,2,1,194,3
467,5,13,2,1,195,3
468,5,13,2,1,199,0
469,5,13,2,1,217,1
470,5,13,2,1,215,1
471,5,13,4,1,88,1
472,5,13,4,1,104,7
473,5,13,4,1,97,15
474,5,13,4,1,179,38
475,5,13,4,1,1,1
476,5,13,4,1,27,60
477,5,13,4,1,9,3
478,5,13,4,1,11,4
479,5,13,4,1,39,22
480,5,13,4,1,61,1
481,5,13,4,1,106,1
482,5,13,4,1,69,3
483,5,13,4,1,28,1
484,5,13,4,1,22,1
485,5,13,4,1,91,1
486,5,13,4,1,43,2
487,5,13,4,1,35,1
488,5,13,4,1,33,1
489,5,13,4,1,52,1
490,5,13,4,1,42,2
491,5,13,4,1,68,2
492,5,13,4,1,192,10
493,5,13,4,1,193,10
494,5,13,4,1,194,3
495,5,13,4,1,195,3
496,5,13,4,1,199,51
497,6,13,2,1,115,82
498,6,13,2,1,99,8
499,6,13,2,1,90,1
500,6,13,2,1,218,6
501,6,13,2,1,108,3
502,6,13,2,1,104,8
503,6,13,2,1,97,5
504,6,13,2,1,179,5
505,6,13,2,1,208,1
506,6,13,2,1,219,5
507,6,13,2,1,77,2
508,6,13,2,1,100,3
509,6,13,2,1,61,1
510,6,13,2,1,91,1
511,6,13,2,1,193,3
512,6,13,2,1,194,4
513,6,13,2,1,195,4
514,6,13,2,1,199,0
515,6,13,2,1,36,7
516,6,13,2,1,102,2
517,6,13,2,1,186,1
518,6,13,2,1,148,5
519,6,13,2,1,131,2
521,6,13,2,1,221,1
522,6,13,2,1,220,1
523,6,13,2,1,206,1
524,6,13,2,1,134,2
525,6,13,2,1,125,8
526,6,13,2,1,169,90
527,6,13,2,1,89,23
528,6,13,2,1,46,1
529,5,13,4,1,36,2
530,5,13,4,1,129,1
531,5,13,4,1,84,1
532,5,13,4,1,46,2
533,6,13,4,1,67,1
534,6,13,4,1,104,1
535,6,13,4,1,97,4
536,6,13,4,1,179,40
537,6,13,4,1,9,12
538,6,13,4,1,61,1
539,6,13,4,1,69,1
540,6,13,4,1,193,1
541,6,13,4,1,194,4
542,6,13,4,1,195,3
543,6,13,4,1,199,19
544,6,13,4,1,83,1
545,6,13,4,1,14,1
546,6,13,4,1,80,1
547,6,13,4,1,10,2
548,6,13,4,1,150,4
549,6,13,4,1,186,2
550,6,13,4,1,220,1
551,6,13,4,1,221,1
552,6,13,4,1,125,28
553,6,13,4,1,89,55
554,6,13,4,1,197,2
555,5,13,6,1,67,8
556,5,13,6,1,104,3
557,5,13,6,1,179,1
558,5,13,6,1,1,1
559,5,13,6,1,27,1
560,5,13,6,1,9,1
561,5,13,6,1,39,55
562,5,13,6,1,106,4
563,5,13,6,1,69,1
564,5,13,6,1,43,72
565,5,13,6,1,33,6
566,5,13,6,1,68,1
567,5,13,6,1,192,2
568,5,13,6,1,193,2
569,5,13,6,1,194,2
570,5,13,6,1,195,3
571,5,13,6,1,199,10
572,5,13,6,1,49,1
573,5,13,6,1,21,2
574,5,13,6,1,23,1
575,5,13,6,1,75,1
576,5,13,6,1,6,1
577,5,13,6,1,200,400
578,5,13,6,1,64,1
579,5,13,6,1,86,9
580,5,13,6,1,85,3
581,5,13,6,1,96,1
582,5,13,6,1,129,2
583,6,13,6,1,104,17
584,6,13,6,1,97,78
585,6,13,6,1,179,8
586,6,13,6,1,27,1
587,6,13,6,1,9,7
588,6,13,6,1,11,2
589,6,13,6,1,69,4
590,6,13,6,1,68,1
591,6,13,6,1,192,6
592,6,13,6,1,193,6
593,6,13,6,1,194,2
594,6,13,6,1,195,4
595,6,13,6,1,199,115
596,6,13,6,1,55,1
597,6,13,6,1,155,1
598,6,13,6,1,13,1
599,6,13,6,1,185,8
600,6,13,6,1,7,1
601,6,13,6,1,41,1
602,6,13,6,1,12,1
603,6,13,6,1,79,1
604,6,13,6,1,6,8
605,6,13,6,1,200,35
606,6,13,6,1,25,1
607,6,13,6,1,86,1
608,6,13,6,1,82,2
609,6,13,6,1,85,2
610,6,13,6,1,96,1
611,6,13,6,1,80,1
612,6,13,6,1,36,1
613,5,13,8,1,67,1
614,5,13,8,1,104,1
615,5,13,8,1,140,1
616,5,13,8,1,9,1
617,5,13,8,1,39,11
618,5,13,8,1,106,4
619,5,13,8,1,69,12
620,5,13,8,1,43,50
621,5,13,8,1,123,75
622,5,13,8,1,192,1
623,5,13,8,1,193,1
624,5,13,8,1,194,4
625,5,13,8,1,195,4
626,5,13,8,1,199,361
627,5,13,8,1,113,1
628,5,13,8,1,7,9
629,5,13,8,1,12,4
630,5,13,8,1,79,9
631,5,13,8,1,21,50
632,5,13,8,1,6,18
633,5,13,8,1,200,100
634,5,13,8,1,30,50
635,5,13,8,1,96,1
636,6,13,8,1,104,2
637,6,13,8,1,135,1
638,6,13,8,1,140,1
639,6,13,8,1,39,2
640,6,13,8,1,106,5
641,6,13,8,1,43,86
642,6,13,8,1,123,15
643,6,13,8,1,194,4
644,6,13,8,1,195,6
645,6,13,8,1,199,143
646,6,13,8,1,113,4
647,6,13,8,1,7,1
648,6,13,8,1,21,40
649,6,13,8,1,23,1
650,6,13,8,1,6,4
651,6,13,8,1,200,200
652,6,13,8,1,30,25
653,6,13,8,1,64,1
654,6,13,8,1,83,1
655,6,13,10,1,104,2
656,6,13,10,1,140,75
657,6,13,10,1,39,2
658,6,13,10,1,43,51
659,6,13,10,1,123,1
660,6,13,10,1,68,1
661,6,13,10,1,192,15
662,6,13,10,1,193,15
663,6,13,10,1,194,3
664,6,13,10,1,195,3
665,6,13,10,1,199,184
666,6,13,10,1,7,12
667,6,13,10,1,12,4
668,6,13,10,1,21,32
669,6,13,10,1,23,2
670,6,13,10,1,6,48
671,6,13,10,1,30,25
672,6,13,10,1,64,1
673,6,13,10,1,82,1
674,6,13,10,1,83,4
675,6,13,12,1,19,4
676,6,13,12,1,29,200
677,6,13,12,1,140,100
678,6,13,12,1,192,93
679,6,13,12,1,193,93
680,6,13,12,1,194,4
681,6,13,12,1,195,5
682,6,13,12,1,199,253
683,6,13,12,1,79,3
684,6,13,12,1,21,6
685,6,13,12,1,30,2
686,5,13,10,1,19,1
687,5,13,10,1,104,5
688,5,13,10,1,135,1
689,5,13,10,1,140,250
690,5,13,10,1,69,1
691,5,13,10,1,43,9
692,5,13,10,1,192,15
693,5,13,10,1,193,15
694,5,13,10,1,194,3
695,5,13,10,1,195,3
696,5,13,10,1,199,497
697,5,13,10,1,7,7
698,5,13,10,1,12,2
699,5,13,10,1,79,1
700,5,13,10,1,21,82
701,5,13,10,1,23,2
702,5,13,10,1,6,13
703,5,13,10,1,30,30
704,5,13,10,1,64,1
705,5,13,12,1,19,32
706,5,13,12,1,29,55
707,5,13,12,1,140,10
708,5,13,12,1,192,50
709,5,13,12,1,193,50
710,5,13,12,1,194,2
711,5,13,12,1,195,3
712,5,13,12,1,199,638
713,5,13,12,1,79,1
714,5,13,12,1,21,8
715,5,13,12,1,23,1
716,3,14,12,1,79,17
717,3,14,12,1,12,2
718,3,14,12,1,19,15
719,3,14,12,1,30,6
720,3,14,12,1,156,2
721,3,14,12,1,21,6
722,3,14,12,1,104,1
723,3,14,12,1,29,25
724,3,14,12,1,140,1
725,3,14,12,1,192,80
726,3,14,12,1,193,80
727,3,14,12,1,194,7
728,3,14,12,1,195,6
729,3,14,12,1,199,1100
730,4,14,2,1,104,2
731,4,14,2,1,88,60
732,4,14,2,1,101,1
733,4,14,2,1,115,18
734,4,14,2,1,98,7
735,4,14,2,1,97,35
736,4,14,2,1,179,12
737,4,14,2,1,99,1
738,4,14,2,1,161,1
739,4,14,2,1,116,20
740,4,14,2,1,206,1
741,4,14,2,1,125,1
742,4,14,2,1,9,1
743,4,14,2,1,188,1
744,4,14,2,1,100,1
745,4,14,2,1,107,2
746,4,14,2,1,80,1
747,4,14,2,1,148,4
748,4,14,2,1,90,11
749,4,14,2,1,118,2
750,4,14,2,1,63,10
751,4,14,2,1,77,2
752,4,14,2,1,218,2
753,4,14,2,1,67,3
754,4,14,2,1,127,15
755,4,14,2,1,95,1
756,4,14,2,1,210,1
757,4,14,2,1,129,2
758,4,14,2,1,82,1
759,4,14,2,1,36,2
760,4,14,2,1,209,14
761,4,14,2,1,194,3
762,4,14,2,1,195,3
763,4,14,2,1,199,0
764,4,14,4,1,12,9
765,4,14,4,1,104,1
766,4,14,4,1,97,15
767,4,14,4,1,179,13
768,4,14,4,1,116,11
769,4,14,4,1,87,4
770,4,14,4,1,125,2
771,4,14,4,1,9,1
772,4,14,4,1,80,1
773,4,14,4,1,148,1
774,4,14,4,1,90,1
775,4,14,4,1,118,2
776,4,14,4,1,63,1
777,4,14,4,1,67,1
778,4,14,4,1,127,4
779,4,14,4,1,95,1
780,4,14,4,1,129,2
781,4,14,4,1,82,1
782,4,14,4,1,36,1
783,4,14,4,1,209,2
784,4,14,4,1,193,2
785,4,14,4,1,194,3
786,4,14,4,1,195,5
787,4,14,4,1,199,74
788,4,14,4,1,10,88
789,4,14,4,1,198,5
790,4,14,4,1,89,7
791,4,14,4,1,16,2
792,4,14,4,1,94,5
793,4,14,4,1,2,5
794,4,14,4,1,91,1
795,4,14,4,1,14,2
796,4,14,4,1,15,2
797,4,14,4,1,186,1
798,4,14,6,1,79,1
799,4,14,6,1,12,5
800,4,14,6,1,21,1
801,4,14,6,1,23,1
802,4,14,6,1,104,5
803,4,14,6,1,97,5
804,4,14,6,1,179,30
805,4,14,6,1,87,4
806,4,14,6,1,9,19
807,4,14,6,1,188,2
808,4,14,6,1,63,13
809,4,14,6,1,127,2
810,4,14,6,1,129,2
811,4,14,6,1,82,7
812,4,14,6,1,209,5
813,4,14,6,1,192,1
814,4,14,6,1,193,5
815,4,14,6,1,194,3
816,4,14,6,1,195,4
817,4,14,6,1,199,141
818,4,14,6,1,16,1
819,4,14,6,1,94,2
820,4,14,6,1,2,2
821,4,14,6,1,91,1
822,4,14,6,1,14,50
823,4,14,6,1,11,14
824,4,14,6,1,52,1
825,4,14,6,1,96,9
826,4,14,6,1,88,8
827,4,14,6,1,72,5
828,4,14,6,1,45,4
829,4,14,6,1,200,15
830,4,14,6,1,18,1
831,4,14,6,1,7,1
832,4,14,6,1,204,1
833,4,14,6,1,4,1
834,4,14,6,1,86,1
835,4,14,8,1,79,16
836,4,14,8,1,12,6
837,4,14,8,1,30,1
838,4,14,8,1,64,3
839,4,14,8,1,21,5
840,4,14,8,1,23,1
841,4,14,8,1,104,1
842,4,14,8,1,97,1
843,4,14,8,1,87,8
844,4,14,8,1,206,11
845,4,14,8,1,9,12
846,4,14,8,1,63,1
847,4,14,8,1,67,2
848,4,14,8,1,82,1
849,4,14,8,1,192,15
850,4,14,8,1,193,25
851,4,14,8,1,194,3
852,4,14,8,1,195,5
853,4,14,8,1,199,227
854,4,14,8,1,2,2
855,4,14,8,1,14,3
856,4,14,8,1,69,10
857,4,14,8,1,45,1
858,4,14,8,1,200,150
859,4,14,8,1,7,11
860,4,14,8,1,86,1
861,4,14,8,1,124,1
862,4,14,8,1,133,1
863,4,14,8,1,123,6
864,4,14,8,1,113,1
865,4,14,8,1,39,3
866,4,14,8,1,34,1
867,4,14,8,1,68,2
868,4,14,8,1,6,9
869,4,14,8,1,43,48
870,4,14,10,1,79,3
871,4,14,10,1,12,17
872,4,14,10,1,30,8
873,4,14,10,1,64,5
874,4,14,10,1,21,14
875,4,14,10,1,23,1
876,4,14,10,1,104,4
877,4,14,10,1,87,4
878,4,14,10,1,82,1
879,4,14,10,1,192,4
880,4,14,10,1,193,15
881,4,14,10,1,194,4
882,4,14,10,1,195,3
883,4,14,10,1,199,244
884,4,14,10,1,106,1
885,4,14,10,1,52,11
886,4,14,10,1,69,1
887,4,14,10,1,200,25
888,4,14,10,1,7,12
889,4,14,10,1,123,4
890,4,14,10,1,39,5
891,4,14,10,1,68,5
892,4,14,10,1,6,13
893,4,14,10,1,44,4
894,4,14,10,1,83,2
895,4,14,10,1,43,70
896,4,14,12,1,79,15
897,4,14,12,1,12,2
898,4,14,12,1,30,5
899,4,14,12,1,21,87
900,4,14,12,1,23,1
901,4,14,12,1,104,5
902,4,14,12,1,29,800
903,4,14,12,1,140,1300
904,4,14,12,1,192,3
905,4,14,12,1,193,3
906,4,14,12,1,194,3
907,4,14,12,1,195,2
908,4,14,12,1,199,264
909,4,14,12,1,52,1
910,4,14,12,1,69,1
911,4,14,12,1,39,1
912,4,14,12,1,6,8
913,4,14,12,1,83,1
914,4,14,12,1,43,2
915,4,14,12,1,135,1
916,7,12,4,1,23,1
917,7,12,4,1,49,1
918,7,12,4,1,27,2
919,7,12,4,1,42,1
920,7,12,4,1,129,2
921,7,12,4,1,224,2
922,7,12,4,1,52,9
923,7,12,4,1,100,5
924,7,12,4,1,69,6
925,7,12,4,1,89,6
926,7,12,4,1,197,3
927,7,12,4,1,184,1
928,7,12,4,1,7,28
929,7,12,4,1,11,1
930,7,12,4,1,104,9
931,7,12,4,1,1,2
932,7,12,4,1,12,2
933,7,12,4,1,150,4
934,7,12,4,1,14,4
935,7,12,4,1,98,8
936,7,12,4,1,4,12
937,7,12,4,1,97,6
938,7,12,4,1,179,5
939,7,12,4,1,116,6
940,7,12,4,1,80,4
941,7,12,4,1,9,2
942,7,12,4,1,18,15
943,7,12,4,1,15,2
944,7,12,4,1,199,51
945,7,12,4,1,209,1
946,7,12,4,1,193,2
947,7,12,4,1,194,2
948,7,12,4,1,195,5
949,7,12,2,1,23,1
950,7,12,2,1,34,1
951,7,12,2,1,55,1
952,7,12,2,1,86,1
953,7,12,2,1,154,1
954,7,12,2,1,208,5
955,7,12,2,1,90,1
956,7,12,2,1,100,5
957,7,12,2,1,69,12
958,7,12,2,1,166,1
959,7,12,2,1,89,2
960,7,12,2,1,197,1
961,7,12,2,1,104,6
962,7,12,2,1,98,11
963,7,12,2,1,97,2
964,7,12,2,1,179,10
965,7,12,2,1,80,1
966,7,12,2,1,18,4
967,7,12,2,1,94,8
968,7,12,2,1,236,1
969,7,12,2,1,88,90
970,7,12,2,1,101,1
971,7,12,2,1,187,1
972,7,12,2,1,199,0
973,7,12,2,1,209,10
974,7,12,2,1,193,1
975,7,12,2,1,194,2
976,7,12,2,1,195,2
977,8,12,2,1,43,1
978,8,12,2,1,149,6
979,8,12,2,1,200,1
980,8,12,2,1,63,1
981,8,12,2,1,55,250
982,8,12,2,1,30,1
983,8,12,2,1,224,1
984,8,12,2,1,100,8
985,8,12,2,1,69,7
986,8,12,2,1,104,5
987,8,12,2,1,1,1
988,8,12,2,1,98,49
989,8,12,2,1,97,4
990,8,12,2,1,179,4
991,8,12,2,1,116,9
992,8,12,2,1,80,1
993,8,12,2,1,9,1
994,8,12,2,1,15,22
995,8,12,2,1,94,9
996,8,12,2,1,128,40
997,8,12,2,1,132,7
998,8,12,2,1,199,0
999,8,12,2,1,209,1
1000,8,12,2,1,193,9
1001,8,12,2,1,194,2
1002,8,12,2,1,195,5
1003,8,12,2,1,61,1
1004,8,12,2,1,16,8
1005,8,12,2,1,131,1
1006,8,12,2,1,36,1
1007,8,12,2,1,139,3
1008,8,12,4,1,43,1
1009,8,12,4,1,23,1
1010,8,12,4,1,55,200
1011,8,12,4,1,96,1
1012,8,12,4,1,27,4
1013,8,12,4,1,129,1
1014,8,12,4,1,224,2
1015,8,12,4,1,52,1
1016,8,12,4,1,100,2
1017,8,12,4,1,69,9
1018,8,12,4,1,7,4
1019,8,12,4,1,11,1
1020,8,12,4,1,104,8
1021,8,12,4,1,1,2
1022,8,12,4,1,150,1
1023,8,12,4,1,14,1
1024,8,12,4,1,98,1
1025,8,12,4,1,4,22
1026,8,12,4,1,97,4
1027,8,12,4,1,179,40
1028,8,12,4,1,116,35
1029,8,12,4,1,80,2
1030,8,12,4,1,9,2
1031,8,12,4,1,18,20
1032,8,12,4,1,132,1
1033,8,12,4,1,199,37
1034,8,12,4,1,209,1
1035,8,12,4,1,192,2
1036,8,12,4,1,193,4
1037,8,12,4,1,194,3
1038,8,12,4,1,195,3
1039,8,12,4,1,91,1
1040,8,12,4,1,103,2
1041,8,12,4,1,25,1
1042,8,12,4,1,66,1
1043,8,12,4,1,26,1
1044,8,12,4,1,19,1
1045,8,12,4,1,83,1
1046,8,12,6,1,43,2
1047,8,12,6,1,21,2
1048,8,12,6,1,23,1
1049,8,12,6,1,39,2
1050,8,12,6,1,200,4
1051,8,12,6,1,55,50
1052,8,12,6,1,86,1
1053,8,12,6,1,96,2
1054,8,12,6,1,49,1
1055,8,12,6,1,52,3
1056,8,12,6,1,100,2
1057,8,12,6,1,69,8
1058,8,12,6,1,7,80
1059,8,12,6,1,104,18
1060,8,12,6,1,12,4
1061,8,12,6,1,14,1
1062,8,12,6,1,4,8
1063,8,12,6,1,97,10
1064,8,12,6,1,179,10
1065,8,12,6,1,116,2
1066,8,12,6,1,80,8
1067,8,12,6,1,199,55
1068,8,12,6,1,192,1
1069,8,12,6,1,193,7
1070,8,12,6,1,194,3
1071,8,12,6,1,195,2
1072,8,12,6,1,26,2
1073,8,12,6,1,17,1
1074,8,12,6,1,6,2
1075,8,12,6,1,68,6
1076,8,12,6,1,64,2
1077,8,12,6,1,8,1
1078,8,12,6,1,83,2
1079,8,12,6,1,67,1
1080,7,12,6,1,43,75
1081,7,12,6,1,21,2
1082,7,12,6,1,39,1
1083,7,12,6,1,200,1
1084,7,12,6,1,63,1
1085,7,12,6,1,55,25
1086,7,12,6,1,85,15
1087,7,12,6,1,52,1
1088,7,12,6,1,69,12
1089,7,12,6,1,7,82
1090,7,12,6,1,104,2
1091,7,12,6,1,12,4
1092,7,12,6,1,97,1
1093,7,12,6,1,80,4
1094,7,12,6,1,199,137
1095,7,12,6,1,209,2
1096,7,12,6,1,193,3
1097,7,12,6,1,194,3
1098,7,12,6,1,195,4
1099,7,12,6,1,26,1
1100,7,12,6,1,68,7
1101,7,12,6,1,67,3
1102,7,12,6,1,38,2
1103,7,12,6,1,123,1
1104,7,12,6,1,87,1
1105,8,12,8,1,43,89
1106,8,12,8,1,21,2
1107,8,12,8,1,39,2
1108,8,12,8,1,200,1
1109,8,12,8,1,96,1
1110,8,12,8,1,52,1
1111,8,12,8,1,69,6
1112,8,12,8,1,7,22
1113,8,12,8,1,104,1
1114,8,12,8,1,12,1
1115,8,12,8,1,9,1
1116,8,12,8,1,199,113
1117,8,12,8,1,192,2
1118,8,12,8,1,193,3
1119,8,12,8,1,194,3
1120,8,12,8,1,195,4
1121,8,12,8,1,68,2
1122,8,12,8,1,83,19
1123,8,12,8,1,67,9
1124,8,12,8,1,38,1
1125,8,12,8,1,79,15
1126,7,12,8,1,43,93
1127,7,12,8,1,21,1
1128,7,12,8,1,23,1
1129,7,12,8,1,200,1
1130,7,12,8,1,55,5
1131,7,12,8,1,30,1
1132,7,12,8,1,140,7
1133,7,12,8,1,69,2
1134,7,12,8,1,7,30
1135,7,12,8,1,104,1
1136,7,12,8,1,12,3
1137,7,12,8,1,199,155
1138,7,12,8,1,192,1
1139,7,12,8,1,193,3
1140,7,12,8,1,194,3
1141,7,12,8,1,195,3
1142,7,12,8,1,6,1
1143,7,12,8,1,68,1
1144,7,12,8,1,83,9
1145,7,12,8,1,38,1
1146,7,12,8,1,79,5
1147,7,12,10,1,21,60
1148,7,12,10,1,23,6
1149,7,12,10,1,140,50
1150,7,12,10,1,29,300
1151,7,12,10,1,12,1
1152,7,12,10,1,7,1
1153,7,12,10,1,199,220
1154,7,12,10,1,192,10
1155,7,12,10,1,193,10
1156,7,12,10,1,194,3
1157,7,12,10,1,195,3
1158,7,12,10,1,79,1
1159,7,12,10,1,19,12
1160,7,12,10,1,183,1
1161,7,12,12,1,21,1
1162,7,12,12,1,140,35
1163,7,12,12,1,29,10
1164,7,12,12,1,199,248
1165,7,12,12,1,192,75
1166,7,12,12,1,193,75
1167,7,12,12,1,194,2
1168,7,12,12,1,195,7
1169,7,12,12,1,19,25
1170,7,12,12,1,73,1
1171,7,12,12,1,75,1
1172,8,12,10,1,21,20
1173,8,12,10,1,23,2
1174,8,12,10,1,140,35
1175,8,12,10,1,29,20
1176,8,12,10,1,7,1
1177,8,12,10,1,199,246
1178,8,12,10,1,192,15
1179,8,12,10,1,193,15
1180,8,12,10,1,194,4
1181,8,12,10,1,195,3
1182,8,12,10,1,79,3
1183,8,12,10,1,19,65
1184,8,12,10,1,73,3
1185,8,12,12,1,19,50
1186,8,12,12,1,73,12
1187,8,12,12,1,21,1
1188,8,12,12,1,104,2
1189,8,12,12,1,23,1
1190,8,12,12,1,29,5
1191,8,12,12,1,140,3
1192,8,12,12,1,192,30
1193,8,12,12,1,193,30
1194,8,12,12,1,194,2
1195,8,12,12,1,195,3
1196,8,12,12,1,199,259
1197,9,17,4,1,43,1
1198,9,17,4,1,23,1
1199,9,17,4,1,49,1
1200,9,17,4,1,61,1
1201,9,17,4,1,224,1
1202,9,17,4,1,52,2
1203,9,17,4,1,200,3
1204,9,17,4,1,34,1
1205,9,17,4,1,45,1
1206,9,17,4,1,129,5
1207,9,17,4,1,77,1
1208,9,17,4,1,25,4
1209,9,17,4,1,24,2
1210,9,17,4,1,100,2
1211,9,17,4,1,84,2
1212,9,17,4,1,86,2
1213,9,17,4,1,69,1
1214,9,17,4,1,83,1
1215,9,17,4,1,89,50
1216,9,17,4,1,197,3
1217,9,17,4,1,10,35
1218,9,17,4,1,198,2
1219,9,17,4,1,132,6
1220,9,17,4,1,7,4
1221,9,17,4,1,104,5
1222,9,17,4,1,98,22
1223,9,17,4,1,9,1
1224,9,17,4,1,116,8
1225,9,17,4,1,150,14
1226,9,17,4,1,97,11
1227,9,17,4,1,179,8
1228,9,17,4,1,94,4
1229,9,17,4,1,125,5
1230,9,17,4,1,18,5
1231,9,17,4,1,139,5
1232,9,17,4,1,55,1
1233,9,17,4,1,75,1
1234,9,17,4,1,209,4
1235,9,17,4,1,192,1
1236,9,17,4,1,193,1
1237,9,17,4,1,194,4
1238,9,17,4,1,195,4
1239,9,17,4,1,199,27
1240,9,17,6,1,43,1
1241,9,17,6,1,21,1
1242,9,17,6,1,23,3
1243,9,17,6,1,68,4
1244,9,17,6,1,64,2
1245,9,17,6,1,96,4
1246,9,17,6,1,200,10
1247,9,17,6,1,45,1
1248,9,17,6,1,129,3
1249,9,17,6,1,25,1
1250,9,17,6,1,83,1
1251,9,17,6,1,7,78
1252,9,17,6,1,104,19
1253,9,17,6,1,6,6
1254,9,17,6,1,12,12
1255,9,17,6,1,97,8
1256,9,17,6,1,179,14
1257,9,17,6,1,18,4
1258,9,17,6,1,80,8
1259,9,17,6,1,14,2
1260,9,17,6,1,4,2
1261,9,17,6,1,55,4
1262,9,17,6,1,38,2
1263,9,17,6,1,75,1
1264,9,17,6,1,209,1
1265,9,17,6,1,192,7
1266,9,17,6,1,193,15
1267,9,17,6,1,194,2
1268,9,17,6,1,195,4
1269,9,17,6,1,199,45
1270,9,17,8,1,43,2
1271,9,17,8,1,21,1
1272,9,17,8,1,23,1
1273,9,17,8,1,39,1
1274,9,17,8,1,203,2
1275,9,17,8,1,26,1
1276,9,17,8,1,68,1
1277,9,17,8,1,96,6
1278,9,17,8,1,52,2
1279,9,17,8,1,200,8
1280,9,17,8,1,34,2
1281,9,17,8,1,45,1
1282,9,17,8,1,129,2
1283,9,17,8,1,69,4
1284,9,17,8,1,79,1
1285,9,17,8,1,83,15
1286,9,17,8,1,7,60
1287,9,17,8,1,104,23
1288,9,17,8,1,185,4
1289,9,17,8,1,6,4
1290,9,17,8,1,12,9
1291,9,17,8,1,9,1
1292,9,17,8,1,87,1
1293,9,17,8,1,97,2
1294,9,17,8,1,179,3
1295,9,17,8,1,80,2
1296,9,17,8,1,14,5
1297,9,17,8,1,67,2
1298,9,17,8,1,4,5
1299,9,17,8,1,11,3
1300,9,17,8,1,55,10
1301,9,17,8,1,38,1
1302,9,17,8,1,209,1
1303,9,17,8,1,192,5
1304,9,17,8,1,193,11
1305,9,17,8,1,194,3
1306,9,17,8,1,195,4
1307,9,17,8,1,199,72
1308,9,17,8,1,1,1
1309,9,17,10,1,43,58
1310,9,17,10,1,21,21
1311,9,17,10,1,23,2
1312,9,17,10,1,39,3
1313,9,17,10,1,68,1
1314,9,17,10,1,64,3
1315,9,17,10,1,200,50
1316,9,17,10,1,30,250
1317,9,17,10,1,140,15
1318,9,17,10,1,45,4
1319,9,17,10,1,83,2
1320,9,17,10,1,7,30
1321,9,17,10,1,104,2
1322,9,17,10,1,6,4
1323,9,17,10,1,12,1
1324,9,17,10,1,38,1
1325,9,17,10,1,75,1
1326,9,17,10,1,192,20
1327,9,17,10,1,193,25
1328,9,17,10,1,194,3
1329,9,17,10,1,195,2
1330,9,17,10,1,199,96
1331,9,17,10,1,19,4
1332,9,17,10,1,135,2
1333,9,17,10,1,183,1
1334,9,17,2,1,49,1
1335,9,17,2,1,61,1
1336,9,17,2,1,224,1
1337,9,17,2,1,129,2
1338,9,17,2,1,24,4
1339,9,17,2,1,100,4
1340,9,17,2,1,84,4
1341,9,17,2,1,69,1
1342,9,17,2,1,89,55
1343,9,17,2,1,104,1
1344,9,17,2,1,98,42
1345,9,17,2,1,9,1
1346,9,17,2,1,116,13
1347,9,17,2,1,150,2
1348,9,17,2,1,97,20
1349,9,17,2,1,179,14
1350,9,17,2,1,94,1
1351,9,17,2,1,125,4
1352,9,17,2,1,139,2
1353,9,17,2,1,55,3
1354,9,17,2,1,209,15
1355,9,17,2,1,194,3
1356,9,17,2,1,195,8
1357,9,17,2,1,199,0
1358,9,17,2,1,115,45
1359,9,17,2,1,149,9
1360,9,17,2,1,208,8
1361,9,17,2,1,121,1
1362,9,17,2,1,3,10
1363,9,17,2,1,225,3
1364,9,17,2,1,107,2
1365,9,17,2,1,154,1
1366,9,17,2,1,36,2
1367,9,17,2,1,148,1
1368,9,17,2,1,105,2
1369,9,17,2,1,233,1
1370,9,17,2,1,110,2
1371,9,17,2,1,37,1
1372,9,17,2,1,50,1
1373,10,17,2,1,21,1
1374,10,17,2,1,61,2
1375,10,17,2,1,224,1
1376,10,17,2,1,52,1
1377,10,17,2,1,129,2
1378,10,17,2,1,77,1
1379,10,17,2,1,100,2
1380,10,17,2,1,84,5
1381,10,17,2,1,89,90
1382,10,17,2,1,197,1
1383,10,17,2,1,104,1
1384,10,17,2,1,98,23
1385,10,17,2,1,116,3
1386,10,17,2,1,150,2
1387,10,17,2,1,97,19
1388,10,17,2,1,179,1
1389,10,17,2,1,210,1
1390,10,17,2,1,94,2
1391,10,17,2,1,139,3
1392,10,17,2,1,55,5
1393,10,17,2,1,194,7
1394,10,17,2,1,195,7
1395,10,17,2,1,199,0
1396,10,17,2,1,115,28
1397,10,17,2,1,149,18
1398,10,17,2,1,208,1
1399,10,17,2,1,225,1
1400,10,17,2,1,154,1
1401,10,17,2,1,105,6
1402,10,17,2,1,37,1
1403,10,17,2,1,95,1
1404,10,17,2,1,218,15
1405,10,17,2,1,5,1
1406,10,17,2,1,99,1
1407,10,17,2,1,42,2
1408,10,17,2,1,220,1
1409,10,17,4,1,21,1
1410,10,17,4,1,23,2
1411,10,17,4,1,49,1
1412,10,17,4,1,61,3
1413,10,17,4,1,52,4
1414,10,17,4,1,129,4
1415,10,17,4,1,25,1
1416,10,17,4,1,24,1
1417,10,17,4,1,100,1
1418,10,17,4,1,84,5
1419,10,17,4,1,69,2
1420,10,17,4,1,89,75
1421,10,17,4,1,197,2
1422,10,17,4,1,10,7
1423,10,17,4,1,198,1
1424,10,17,4,1,7,1
1425,10,17,4,1,104,14
1426,10,17,4,1,12,1
1427,10,17,4,1,98,13
1428,10,17,4,1,9,2
1429,10,17,4,1,150,16
1430,10,17,4,1,97,40
1431,10,17,4,1,179,28
1432,10,17,4,1,94,1
1433,10,17,4,1,125,2
1434,10,17,4,1,18,1
1435,10,17,4,1,14,1
1436,10,17,4,1,4,4
1437,10,17,4,1,55,1
1438,10,17,4,1,192,2
1439,10,17,4,1,193,2
1440,10,17,4,1,194,4
1441,10,17,4,1,195,6
1442,10,17,4,1,199,13
1443,10,17,4,1,115,15
1444,10,17,4,1,149,3
1445,10,17,4,1,154,1
1446,10,17,4,1,148,1
1447,10,17,4,1,99,7
1448,10,17,4,1,176,1
1449,10,17,4,1,168,1
1450,10,17,6,1,21,1
1451,10,17,6,1,23,9
1452,10,17,6,1,203,5
1453,10,17,6,1,68,1
1454,10,17,6,1,96,1
1455,10,17,6,1,200,1
1456,10,17,6,1,129,1
1457,10,17,6,1,69,3
1458,10,17,6,1,79,2
1459,10,17,6,1,7,73
1460,10,17,6,1,104,60
1461,10,17,6,1,6,4
1462,10,17,6,1,12,15
1463,10,17,6,1,9,2
1464,10,17,6,1,87,1
1465,10,17,6,1,97,5
1466,10,17,6,1,179,3
1467,10,17,6,1,80,4
1468,10,17,6,1,55,15
1469,10,17,6,1,192,2
1470,10,17,6,1,193,2
1471,10,17,6,1,194,8
1472,10,17,6,1,195,4
1473,10,17,6,1,199,156
1474,10,17,6,1,28,1
1475,10,17,6,1,41,2
1476,10,17,8,1,43,1
1477,10,17,8,1,21,5
1478,10,17,8,1,23,20
1479,10,17,8,1,39,2
1480,10,17,8,1,68,1
1481,10,17,8,1,96,5
1482,10,17,8,1,200,2
1483,10,17,8,1,129,1
1484,10,17,8,1,69,15
1485,10,17,8,1,79,8
1486,10,17,8,1,7,22
1487,10,17,8,1,104,30
1488,10,17,8,1,6,14
1489,10,17,8,1,12,1
1490,10,17,8,1,97,3
1491,10,17,8,1,55,5
1492,10,17,8,1,75,13
1493,10,17,8,1,192,7
1494,10,17,8,1,193,7
1495,10,17,8,1,194,7
1496,10,17,8,1,195,9
1497,10,17,8,1,199,164
1498,10,17,8,1,19,2
1499,10,17,8,1,28,9
1500,10,17,8,1,41,7
1501,10,17,8,1,72,30
1502,10,17,10,1,43,47
1503,10,17,10,1,21,37
1504,10,17,10,1,23,1
1505,10,17,10,1,96,1
1506,10,17,10,1,69,1
1507,10,17,10,1,83,4
1508,10,17,10,1,7,18
1509,10,17,10,1,104,10
1510,10,17,10,1,6,1
1511,10,17,10,1,12,1
1512,10,17,10,1,75,1
1513,10,17,10,1,192,14
1514,10,17,10,1,193,14
1515,10,17,10,1,194,2
1516,10,17,10,1,195,5
1517,10,17,10,1,199,196
1518,10,17,10,1,19,8
1519,10,17,12,1,21,12
1520,10,17,12,1,140,7
1521,10,17,12,1,29,20
1522,10,17,12,1,7,1
1523,10,17,12,1,19,22
1524,10,17,12,1,192,70
1525,10,17,12,1,193,70
1526,10,17,12,1,194,8
1527,10,17,12,1,195,4
1529,9,17,12,1,79,1
1530,9,17,12,1,21,1
1531,9,17,12,1,140,5
1532,9,17,12,1,29,2
1533,9,17,12,1,7,1
1534,9,17,12,1,19,50
1535,9,17,12,1,192,50
1536,9,17,12,1,193,50
1537,9,17,12,1,194,3
1538,9,17,12,1,195,6
1539,9,17,12,1,199,193
1540,11,18,6,1,23,3
1541,11,18,6,1,55,4
1542,11,18,6,1,96,10
1543,11,18,6,1,68,7
1544,11,18,6,1,64,2
1545,11,18,6,1,200,100
1546,11,18,6,1,129,1
1547,11,18,6,1,52,1
1548,11,18,6,1,24,1
1549,11,18,6,1,83,2
1550,11,18,6,1,104,7
1551,11,18,6,1,7,40
1552,11,18,6,1,6,40
1553,11,18,6,1,12,5
1554,11,18,6,1,9,1
1555,11,18,6,1,97,2
1556,11,18,6,1,179,1
1557,11,18,6,1,209,1
1558,11,18,6,1,192,40
1559,11,18,6,1,193,47
1560,11,18,6,1,194,6
1561,11,18,6,1,195,7
1562,11,18,6,1,199,74
1563,11,18,8,1,43,1
1564,11,18,8,1,21,1
1565,11,18,8,1,23,2
1566,11,18,8,1,55,2
1567,11,18,8,1,96,2
1568,11,18,8,1,45,4
1569,11,18,8,1,68,13
1570,11,18,8,1,64,1
1571,11,18,8,1,200,75
1572,11,18,8,1,52,2
1573,11,18,8,1,228,4
1574,11,18,8,1,69,2
1575,11,18,8,1,83,15
1576,11,18,8,1,82,1
1577,11,18,8,1,104,72
1578,11,18,8,1,7,2
1579,11,18,8,1,6,20
1580,11,18,8,1,12,3
1581,11,18,8,1,14,1
1582,11,18,8,1,9,1
1583,11,18,8,1,97,2
1584,11,18,8,1,179,1
1585,11,18,8,1,75,1
1586,11,18,8,1,192,2
1587,11,18,8,1,193,5
1588,11,18,8,1,194,2
1589,11,18,8,1,195,4
1590,11,18,8,1,199,109
1591,11,18,4,1,21,1
1592,11,18,4,1,23,3
1593,11,18,4,1,55,1
1594,11,18,4,1,35,1
1595,11,18,4,1,36,1
1596,11,18,4,1,34,1
1597,11,18,4,1,61,1
1598,11,18,4,1,84,2
1599,11,18,4,1,86,1
1600,11,18,4,1,96,2
1601,11,18,4,1,129,2
1602,11,18,4,1,52,1
1603,11,18,4,1,225,2
1604,11,18,4,1,100,2
1605,11,18,4,1,69,1
1606,11,18,4,1,89,45
1607,11,18,4,1,10,75
1608,11,18,4,1,198,4
1609,11,18,4,1,104,2
1610,11,18,4,1,6,1
1611,11,18,4,1,12,1
1612,11,18,4,1,14,1
1613,11,18,4,1,98,1
1614,11,18,4,1,116,1
1615,11,18,4,1,97,10
1616,11,18,4,1,179,23
1617,11,18,4,1,185,1
1618,11,18,4,1,103,1
1619,11,18,4,1,18,1
1620,11,18,4,1,206,1
1621,11,18,4,1,88,1
1622,11,18,4,1,193,9
1623,11,18,4,1,194,2
1624,11,18,4,1,195,2
1625,11,18,4,1,199,17
1626,12,18,4,1,21,1
1627,12,18,4,1,23,1
1628,12,18,4,1,36,1
1629,12,18,4,1,61,1
1630,12,18,4,1,84,1
1631,12,18,4,1,96,1
1632,12,18,4,1,200,1
1633,12,18,4,1,129,3
1634,12,18,4,1,100,1
1635,12,18,4,1,89,15
1636,12,18,4,1,197,4
1637,12,18,4,1,10,55
1638,12,18,4,1,198,4
1639,12,18,4,1,104,4
1640,12,18,4,1,107,3
1641,12,18,4,1,98,4
1642,12,18,4,1,116,20
1643,12,18,4,1,97,10
1644,12,18,4,1,179,23
1645,12,18,4,1,103,1
1646,12,18,4,1,18,1
1647,12,18,4,1,94,11
1648,12,18,4,1,133,1
1649,12,18,4,1,143,1
1650,12,18,4,1,208,1
1651,12,18,4,1,77,1
1652,12,18,4,1,88,22
1653,12,18,4,1,209,8
1654,12,18,4,1,193,2
1655,12,18,4,1,194,3
1656,12,18,4,1,195,5
1657,12,18,4,1,199,13
1658,12,18,4,1,50,1
1659,12,18,4,1,16,1
1660,12,18,6,1,21,1
1661,12,18,6,1,23,7
1662,12,18,6,1,96,3
1663,12,18,6,1,68,9
1664,12,18,6,1,64,4
1665,12,18,6,1,200,225
1666,12,18,6,1,129,1
1667,12,18,6,1,69,40
1668,12,18,6,1,79,9
1669,12,18,6,1,104,4
1670,12,18,6,1,7,1
1671,12,18,6,1,6,1
1672,12,18,6,1,97,1
1673,12,18,6,1,75,1
1674,12,18,6,1,192,35
1675,12,18,6,1,193,55
1676,12,18,6,1,194,2
1677,12,18,6,1,195,3
1678,12,18,6,1,199,140
1679,12,18,6,1,173,1
1680,12,18,6,1,19,2
1682,12,18,8,1,43,50
1683,12,18,8,1,21,45
1684,12,18,8,1,23,1
1685,12,18,8,1,96,2
1686,12,18,8,1,30,200
1687,12,18,8,1,140,175
1688,12,18,8,1,83,2
1689,12,18,8,1,104,1
1690,12,18,8,1,6,1
1691,12,18,8,1,12,1
1692,12,18,8,1,75,1
1693,12,18,8,1,209,1
1694,12,18,8,1,192,12
1695,12,18,8,1,193,12
1696,12,18,8,1,194,2
1697,12,18,8,1,195,3
1698,12,18,8,1,199,204
1699,12,18,8,1,19,1
1700,12,18,10,1,43,1
1701,12,18,10,1,21,42
1702,12,18,10,1,23,1
1703,12,18,10,1,39,2
1704,12,18,10,1,30,10
1705,12,18,10,1,140,400
1706,12,18,10,1,29,225
1707,12,18,10,1,104,15
1708,12,18,10,1,7,19
1709,12,18,10,1,209,1
1710,12,18,10,1,192,19
1711,12,18,10,1,193,19
1712,12,18,10,1,194,2
1713,12,18,10,1,195,3
1714,12,18,10,1,199,279
1715,12,18,10,1,19,20
1716,12,18,12,1,79,1
1717,12,18,12,1,192,60
1718,12,18,12,1,193,60
1719,12,18,12,1,194,2
1720,12,18,12,1,195,3
1721,12,18,12,1,199,416
1722,12,18,12,1,19,40
1723,11,18,10,1,43,17
1724,11,18,10,1,21,25
1725,11,18,10,1,23,1
1726,11,18,10,1,39,2
1727,11,18,10,1,68,1
1728,11,18,10,1,30,75
1729,11,18,10,1,140,425
1730,11,18,10,1,29,75
1731,11,18,10,1,228,3
1732,11,18,10,1,83,1
1733,11,18,10,1,104,30
1734,11,18,10,1,7,17
1735,11,18,10,1,6,1
1736,11,18,10,1,12,1
1737,11,18,10,1,192,18
1738,11,18,10,1,193,18
1739,11,18,10,1,194,3
1740,11,18,10,1,195,3
1741,11,18,10,1,199,239
1742,11,18,10,1,19,12
1743,11,18,12,1,21,1
1744,11,18,12,1,23,1
1745,11,18,12,1,192,50
1746,11,18,12,1,193,50
1747,11,18,12,1,194,1
1748,11,18,12,1,195,3
1749,11,18,12,1,199,291
1750,11,18,12,1,66,50
1751,10,17,12,1,199,9999
